email,feedback,date
user123@example.com,This project is a game-changer! It's so easy to use and has streamlined my work. Kudos to the team for their excellent work!,2023-10-09
happyuser@email.net,"I'm beyond impressed with this project. The design is clean, and it's incredibly user-friendly. I can't imagine my workflow without it now!",2023-10-10
projectlover@gmail.com,"This project exceeded my expectations. It's intuitive, efficient, and the customer support is fantastic. Well done!",2023-10-11
satisfieduser@example.org,"I'm seriously impressed by this project. It's straightforward, yet powerful. The team's dedication to user satisfaction is evident. Great job!",2023-10-12
amazingproject@email.com,"I just had to write and say thank you for this wonderful project. It's transformed the way I work. The interface is genius, and the features are just what I needed!",2023-10-13
techfanatic@example.net,I'm in awe of this project's functionality and simplicity. It's evident that the developers put a lot of thought into it. I'm recommending it to all my colleagues!,2023-10-14
gratefuluser@email.org,"I can't express how much I appreciate this project. It's intuitive, user-friendly, and the support team is incredibly helpful. It's made my work life so much easier!",2023-10-15
pleasedcustomer@example.com,"This project is a lifesaver! The interface is clean, and it has all the features I need. Thank you for creating such a brilliant tool!",2023-10-16
productivityfan@email.net,"I am absolutely loving this project! It's efficient, easy to navigate, and the customer service is exceptional. I'm a fan for life!",2023-10-17
projectenthusiast@email.org,"I had high expectations, and this project exceeded them all. The user experience is fantastic, and it has significantly improved my productivity. Thank you for this amazing solution!",2023-10-18
disappointeduser@example.com,"I had high hopes for this project, but I found it extremely frustrating to use. The interface is clunky, and some features are just not intuitive. I ended up switching to a different tool for my needs.",2023-11-19
frustratedcustomer@email.net,"I had a terrible experience with this project. It's full of bugs, and the customer support was unhelpful. I wasted hours trying to make it work, but it's just not reliable. Very disappointed.",2023-11-20
unsatisfieduser@example.org,"This project fell short of my expectations. The features promised were not fully functional, and it felt incomplete. I reached out for assistance, but the support team was slow to respond and couldn't resolve my issues.",2023-11-21
regretfulcustomer@email.com,"I deeply regret choosing this project. The user interface is confusing, and the learning curve is steep. It's not user-friendly at all. I wish I had invested my time and money in a different solution",2023-11-22
unhappyclient@example.net,"I had a terrible experience with this project. The performance is sluggish, and it frequently crashes. I lost important data multiple times. It's unreliable, and I can't trust it for my work. Stay away from this one!",2023-11-23
undecideduser@example.com,"I have mixed feelings about this project. On one hand, the interface is sleek, and some features are incredibly useful. On the other hand, there are noticeable performance issues and occasional crashes. It has potential, but it needs significant improvement.",2023-12-24
conflictedcustomer@email.net,"I'm torn about this project. The design is impressive, and it has some unique features that I haven't found elsewhere. However, the learning curve is steep, and it's not as intuitive as I hoped. With some enhancements, it could be fantastic.",2023-12-25
ambivalentuser@example.org,"My experience with this project has been a rollercoaster. It offers great functionality, but the user interface is a bit confusing. The customer support team was helpful, but some issues took a long time to resolve. It's a mixed bag of frustration and satisfaction.",2023-12-26
uncertaincustomer@email.com,"I have conflicting emotions about this project. It's packed with features, but some are overly complicated. The recent updates show promise, but there are still reliability issues. I'm cautiously optimistic that future improvements will make it a solid choice.",2023-12-27
onthefence@example.net,"I'm on the fence about this project. It has moments of brilliance, especially in its innovative approach. However, there are frustrating inconsistencies and minor glitches. I'm willing to give it some time, hoping updates will iron out the wrinkles.",2023-12-28